what,kind,bundleId,bundleVersion,description,time
executed,command,org.eclipse.ui,3.6.1.M20100826-1330,"org.eclipse.ui.edit.copy",1366794586535
executed,command,org.eclipse.ui,3.6.1.M20100826-1330,"org.eclipse.ui.file.save",1366794620184
executed,command,org.eclipse.ui,3.6.1.M20100826-1330,"org.eclipse.ui.file.save",1366794630168
executed,command,,,"AUTOGEN:::org.eclipse.jdt.internal.ui.CompilationUnitEditor.ruler.actions/org.eclipse.jdt.internal.ui.javaeditor.JavaSelectRulerAction",1366794634115
deactivated,workbench,org.eclipse.ui.workbench,3.6.1.M20100826-1330,"",1366794639372
activated,workbench,org.eclipse.ui.workbench,3.6.1.M20100826-1330,"",1366794639575
executed,command,org.eclipse.ui,3.6.1.M20100826-1330,"org.eclipse.ui.edit.undo",1366794641525
executed,command,org.eclipse.ui,3.6.1.M20100826-1330,"org.eclipse.ui.edit.undo",1366794641915
executed,command,org.eclipse.ui,3.6.1.M20100826-1330,"org.eclipse.ui.edit.undo",1366794642632
executed,command,org.eclipse.ui,3.6.1.M20100826-1330,"org.eclipse.ui.edit.undo",1366794644224
executed,command,org.eclipse.ui,3.6.1.M20100826-1330,"org.eclipse.ui.edit.undo",1366794647063
executed,command,org.eclipse.ui,3.6.1.M20100826-1330,"org.eclipse.ui.edit.redo",1366794648763
executed,command,org.eclipse.ui,3.6.1.M20100826-1330,"org.eclipse.ui.edit.redo",1366794648997
executed,command,org.eclipse.ui,3.6.1.M20100826-1330,"org.eclipse.ui.edit.redo",1366794649169
executed,command,org.eclipse.ui,3.6.1.M20100826-1330,"org.eclipse.ui.file.save",1366794658591
executed,command,org.eclipse.ui,3.6.1.M20100826-1330,"org.eclipse.ui.edit.undo",1366794722910
executed,command,org.eclipse.ui,3.6.1.M20100826-1330,"org.eclipse.ui.edit.undo",1366794723425
executed,command,org.eclipse.ui,3.6.1.M20100826-1330,"org.eclipse.ui.edit.undo",1366794723472
executed,command,org.eclipse.ui,3.6.1.M20100826-1330,"org.eclipse.ui.edit.undo",1366794723487
executed,command,org.eclipse.ui,3.6.1.M20100826-1330,"org.eclipse.ui.edit.undo",1366794723753
executed,command,org.eclipse.ui,3.6.1.M20100826-1330,"org.eclipse.ui.edit.undo",1366794723955
executed,command,org.eclipse.ui,3.6.1.M20100826-1330,"org.eclipse.ui.edit.undo",1366794724127
executed,command,org.eclipse.ui,3.6.1.M20100826-1330,"org.eclipse.ui.edit.undo",1366794724299
executed,command,org.eclipse.ui,3.6.1.M20100826-1330,"org.eclipse.ui.edit.undo",1366794724533
executed,command,org.eclipse.ui,3.6.1.M20100826-1330,"org.eclipse.ui.edit.redo",1366794725999
executed,command,org.eclipse.ui,3.6.1.M20100826-1330,"org.eclipse.ui.edit.redo",1366794726420
executed,command,org.eclipse.ui,3.6.1.M20100826-1330,"org.eclipse.ui.edit.undo",1366794726904
executed,command,org.eclipse.ui,3.6.1.M20100826-1330,"org.eclipse.ui.file.save",1366794727699
activated,editor,org.eclipse.jdt.ui,3.6.1.r361_v20100825-0800,"org.eclipse.jdt.ui.CompilationUnitEditor",1366794744797
executed,command,org.eclipse.jdt.ui,3.6.1.r361_v20100825-0800,"org.eclipse.jdt.ui.edit.text.java.open.editor",1366794744828
activated,editor,org.eclipse.jdt.ui,3.6.1.r361_v20100825-0800,"org.eclipse.jdt.ui.CompilationUnitEditor",1366794764297
activated,editor,org.eclipse.jdt.ui,3.6.1.r361_v20100825-0800,"org.eclipse.jdt.ui.CompilationUnitEditor",1366794766637
activated,editor,org.eclipse.jdt.ui,3.6.1.r361_v20100825-0800,"org.eclipse.jdt.ui.CompilationUnitEditor",1366794769086
executed,command,org.eclipse.ui,3.6.1.M20100826-1330,"org.eclipse.ui.edit.paste",1366794796386
executed,command,org.eclipse.ui,3.6.1.M20100826-1330,"org.eclipse.ui.file.save",1366794797931
executed,command,,,"AUTOGEN:::org.eclipse.jdt.internal.ui.CompilationUnitEditor.ruler.actions/org.eclipse.jdt.internal.ui.javaeditor.JavaSelectRulerAction",1366794802891
executed,command,org.eclipse.ui,3.6.1.M20100826-1330,"org.eclipse.ui.file.save",1366794817524
activated,editor,org.eclipse.jdt.ui,3.6.1.r361_v20100825-0800,"org.eclipse.jdt.ui.CompilationUnitEditor",1366794819115
activated,editor,org.eclipse.jdt.ui,3.6.1.r361_v20100825-0800,"org.eclipse.jdt.ui.CompilationUnitEditor",1366794850440
activated,editor,org.eclipse.jdt.ui,3.6.1.r361_v20100825-0800,"org.eclipse.jdt.ui.CompilationUnitEditor",1366794853014
executed,command,org.eclipse.ui,3.6.1.M20100826-1330,"org.eclipse.ui.edit.delete",1366794856400
executed,command,org.eclipse.ui.workbench.texteditor,3.6.1.r361_v20100714-0800,"org.eclipse.ui.edit.text.select.wordPrevious",1366794897240
executed,command,org.eclipse.ui.workbench.texteditor,3.6.1.r361_v20100714-0800,"org.eclipse.ui.edit.text.select.wordPrevious",1366794897506
executed,command,org.eclipse.ui,3.6.1.M20100826-1330,"org.eclipse.ui.file.save",1366794900048
executed,command,org.eclipse.ui,3.6.1.M20100826-1330,"org.eclipse.ui.file.save",1366794904962
executed,command,org.eclipse.ui,3.6.1.M20100826-1330,"org.eclipse.ui.file.save",1366794910376
deactivated,workbench,org.eclipse.ui.workbench,3.6.1.M20100826-1330,"",1366794934649
activated,workbench,org.eclipse.ui.workbench,3.6.1.M20100826-1330,"",1366794936724
executed,command,org.eclipse.ui.ide,3.6.1.M20100825-0800,"org.eclipse.ui.project.cleanAction",1366794936724
deactivated,workbench,org.eclipse.ui.workbench,3.6.1.M20100826-1330,"",1366794937020
activated,workbench,org.eclipse.ui.workbench,3.6.1.M20100826-1330,"",1366794937707
deactivated,workbench,org.eclipse.ui.workbench,3.6.1.M20100826-1330,"",1366794937722
activated,workbench,org.eclipse.ui.workbench,3.6.1.M20100826-1330,"",1366794943588
deactivated,workbench,org.eclipse.ui.workbench,3.6.1.M20100826-1330,"",1366794956552
activated,workbench,org.eclipse.ui.workbench,3.6.1.M20100826-1330,"",1366795623462
deactivated,workbench,org.eclipse.ui.workbench,3.6.1.M20100826-1330,"",1366795633711
activated,workbench,org.eclipse.ui.workbench,3.6.1.M20100826-1330,"",1366795635895
activated,view,org.eclipse.ui.console,3.5.0.v20100526,"org.eclipse.ui.console.ConsoleView",1366795635911
deactivated,workbench,org.eclipse.ui.workbench,3.6.1.M20100826-1330,"",1366795637502
activated,workbench,org.eclipse.ui.workbench,3.6.1.M20100826-1330,"",1366795738211
activated,view,org.eclipse.ui.ide,3.6.1.M20100825-0800,"org.eclipse.ui.views.ResourceNavigator",1366795740691
executed,command,org.eclipse.ui,3.6.1.M20100826-1330,"org.eclipse.ui.navigate.collapseAll",1366795740769
deactivated,workbench,org.eclipse.ui.workbench,3.6.1.M20100826-1330,"",1366795755777
activated,workbench,org.eclipse.ui.workbench,3.6.1.M20100826-1330,"",1366795790698
activated,view,org.eclipse.ui.console,3.5.0.v20100526,"org.eclipse.ui.console.ConsoleView",1366795791462
deactivated,workbench,org.eclipse.ui.workbench,3.6.1.M20100826-1330,"",1366795798123
activated,workbench,org.eclipse.ui.workbench,3.6.1.M20100826-1330,"",1366796881919
deactivated,workbench,org.eclipse.ui.workbench,3.6.1.M20100826-1330,"",1366796887352
activated,workbench,org.eclipse.ui.workbench,3.6.1.M20100826-1330,"",1366797179166
deactivated,workbench,org.eclipse.ui.workbench,3.6.1.M20100826-1330,"",1366797179983
activated,workbench,org.eclipse.ui.workbench,3.6.1.M20100826-1330,"",1366797180707
activated,editor,org.eclipse.jdt.ui,3.6.1.r361_v20100825-0800,"org.eclipse.jdt.ui.CompilationUnitEditor",1366797183655
activated,editor,org.eclipse.jdt.ui,3.6.1.r361_v20100825-0800,"org.eclipse.jdt.ui.CompilationUnitEditor",1366797184581
deactivated,workbench,org.eclipse.ui.workbench,3.6.1.M20100826-1330,"",1366797185879
activated,workbench,org.eclipse.ui.workbench,3.6.1.M20100826-1330,"",1366797285993
deactivated,workbench,org.eclipse.ui.workbench,3.6.1.M20100826-1330,"",1366797289663
activated,workbench,org.eclipse.ui.workbench,3.6.1.M20100826-1330,"",1366797291670
activated,editor,org.eclipse.ui.editors,3.6.1.r361_v20100825-0800,"org.eclipse.ui.DefaultTextEditor",1366797291737
executed,command,org.eclipse.ui,3.6.1.M20100826-1330,"org.eclipse.ui.edit.copy",1366797310595
executed,command,org.eclipse.ui,3.6.1.M20100826-1330,"org.eclipse.ui.edit.copy",1366797310778
deactivated,workbench,org.eclipse.ui.workbench,3.6.1.M20100826-1330,"",1366797311356
activated,workbench,org.eclipse.ui.workbench,3.6.1.M20100826-1330,"",1366797312657
deactivated,workbench,org.eclipse.ui.workbench,3.6.1.M20100826-1330,"",1366797313603
executed,command,org.eclipse.ui,3.6.1.M20100826-1330,"org.eclipse.ui.edit.paste",1366797313852
activated,workbench,org.eclipse.ui.workbench,3.6.1.M20100826-1330,"",1366797315098
opened,editor,org.eclipse.jdt.ui,3.6.1.r361_v20100825-0800,"org.eclipse.jdt.ui.CompilationUnitEditor",1366797315174
activated,editor,org.eclipse.jdt.ui,3.6.1.r361_v20100825-0800,"org.eclipse.jdt.ui.CompilationUnitEditor",1366797315317
executed,command,org.eclipse.ui.ide,3.6.1.M20100825-0800,"org.eclipse.ui.navigate.openResource",1366797315333
deactivated,workbench,org.eclipse.ui.workbench,3.6.1.M20100826-1330,"",1366797480369
activated,workbench,org.eclipse.ui.workbench,3.6.1.M20100826-1330,"",1366797497348
executed,command,,,"AUTOGEN:::org.eclipse.jdt.debug.CompilationUnitEditor.BreakpointRulerActions/org.eclipse.jdt.debug.ui.actions.ManageBreakpointRulerAction",1366797543084
activated,view,org.eclipse.ui.ide,3.6.1.M20100825-0800,"org.eclipse.ui.views.ResourceNavigator",1366797560193
executed,command,org.eclipse.ui,3.6.1.M20100826-1330,"org.eclipse.ui.navigate.linkWithEditor",1366797560257
executed,command,org.eclipse.ui,3.6.1.M20100826-1330,"org.eclipse.ui.navigate.linkWithEditor",1366797561642
executed,command,org.eclipse.ui,3.6.1.M20100826-1330,"org.eclipse.ui.edit.copy",1366797562838
executed,command,org.eclipse.ui,3.6.1.M20100826-1330,"org.eclipse.ui.edit.copy",1366797563028
executed,command,org.eclipse.ui,3.6.1.M20100826-1330,"org.eclipse.ui.edit.copy",1366797563196
executed,command,org.eclipse.ui,3.6.1.M20100826-1330,"org.eclipse.ui.edit.copy",1366797563364
executed,command,org.eclipse.ui,3.6.1.M20100826-1330,"org.eclipse.ui.edit.copy",1366797563492
executed,command,org.eclipse.ui,3.6.1.M20100826-1330,"org.eclipse.ui.edit.copy",1366797563628
activated,editor,org.eclipse.jdt.ui,3.6.1.r361_v20100825-0800,"org.eclipse.jdt.ui.CompilationUnitEditor",1366797565186
activated,view,org.eclipse.ui.ide,3.6.1.M20100825-0800,"org.eclipse.ui.views.ResourceNavigator",1366797566637
executed,command,org.eclipse.ui,3.6.1.M20100826-1330,"org.eclipse.ui.navigate.linkWithEditor",1366797566722
executed,command,org.eclipse.ui,3.6.1.M20100826-1330,"org.eclipse.ui.edit.paste",1366797576427
deactivated,workbench,org.eclipse.ui.workbench,3.6.1.M20100826-1330,"",1366797583347
started,bundle,org.eclipse.wst.jsdt.manipulation,1.0.200.v201004150600,"org.eclipse.wst.jsdt.manipulation",1366797590770
started,bundle,org.eclipse.wst.jsdt.core,1.1.2.v201009011528,"org.eclipse.wst.jsdt.core",1366797591918
started,bundle,org.eclipse.wst.jsdt.ui,1.1.2.v201009010353,"org.eclipse.wst.jsdt.ui",1366797592182
activated,workbench,org.eclipse.ui.workbench,3.6.1.M20100826-1330,"",1366797592594
executed,command,org.eclipse.ltk.ui.refactoring,3.5.0.v20100526-0800,"org.eclipse.ltk.ui.refactoring.commands.deleteResources",1366797592617
opened,editor,org.eclipse.jdt.ui,3.6.1.r361_v20100825-0800,"org.eclipse.jdt.ui.CompilationUnitEditor",1366797595019
activated,editor,org.eclipse.jdt.ui,3.6.1.r361_v20100825-0800,"org.eclipse.jdt.ui.CompilationUnitEditor",1366797595097
executed,command,,,"AUTOGEN:::org.eclipse.jdt.internal.ui.CompilationUnitEditor.ruler.actions/org.eclipse.jdt.internal.ui.javaeditor.JavaSelectRulerAction",1366797600610
deactivated,workbench,org.eclipse.ui.workbench,3.6.1.M20100826-1330,"",1366797604879
activated,workbench,org.eclipse.ui.workbench,3.6.1.M20100826-1330,"",1366797605028
executed,command,org.eclipse.ui,3.6.1.M20100826-1330,"org.eclipse.ui.file.save",1366797606036
executed,command,,,"AUTOGEN:::org.eclipse.jdt.internal.ui.CompilationUnitEditor.ruler.actions/org.eclipse.jdt.internal.ui.javaeditor.JavaSelectRulerAction",1366797612375
deactivated,workbench,org.eclipse.ui.workbench,3.6.1.M20100826-1330,"",1366797613230
activated,workbench,org.eclipse.ui.workbench,3.6.1.M20100826-1330,"",1366797613396
executed,command,,,"AUTOGEN:::org.eclipse.jdt.internal.ui.CompilationUnitEditor.ruler.actions/org.eclipse.jdt.internal.ui.javaeditor.JavaSelectRulerAction",1366797620969
deactivated,workbench,org.eclipse.ui.workbench,3.6.1.M20100826-1330,"",1366797622063
activated,workbench,org.eclipse.ui.workbench,3.6.1.M20100826-1330,"",1366797622255
executed,command,,,"AUTOGEN:::org.eclipse.jdt.internal.ui.CompilationUnitEditor.ruler.actions/org.eclipse.jdt.internal.ui.javaeditor.JavaSelectRulerAction",1366797626086
deactivated,workbench,org.eclipse.ui.workbench,3.6.1.M20100826-1330,"",1366797627070
activated,workbench,org.eclipse.ui.workbench,3.6.1.M20100826-1330,"",1366797627263
executed,command,org.eclipse.ui,3.6.1.M20100826-1330,"org.eclipse.ui.file.save",1366797628721
executed,command,org.eclipse.ui.workbench.texteditor,3.6.1.r361_v20100714-0800,"org.eclipse.ui.edit.text.select.wordPrevious",1366797696156
executed,command,org.eclipse.ui,3.6.1.M20100826-1330,"org.eclipse.ui.file.save",1366797699447
executed,command,,,"AUTOGEN:::org.eclipse.jdt.internal.ui.CompilationUnitEditor.ruler.actions/org.eclipse.jdt.internal.ui.javaeditor.JavaSelectRulerAction",1366797703957
deactivated,workbench,org.eclipse.ui.workbench,3.6.1.M20100826-1330,"",1366797705455
activated,workbench,org.eclipse.ui.workbench,3.6.1.M20100826-1330,"",1366797705646
executed,command,org.eclipse.ui,3.6.1.M20100826-1330,"org.eclipse.ui.edit.copy",1366797708898
executed,command,org.eclipse.ui,3.6.1.M20100826-1330,"org.eclipse.ui.edit.copy",1366797709065
executed,command,org.eclipse.ui,3.6.1.M20100826-1330,"org.eclipse.ui.edit.paste",1366797713012
executed,command,org.eclipse.ui,3.6.1.M20100826-1330,"org.eclipse.ui.edit.paste",1366797715264
executed,command,org.eclipse.ui,3.6.1.M20100826-1330,"org.eclipse.ui.file.save",1366797717026
executed,command,org.eclipse.ui,3.6.1.M20100826-1330,"org.eclipse.ui.edit.paste",1366797721101
executed,command,org.eclipse.ui,3.6.1.M20100826-1330,"org.eclipse.ui.file.save",1366797721898
executed,command,org.eclipse.ui,3.6.1.M20100826-1330,"org.eclipse.ui.edit.paste",1366797740445
executed,command,org.eclipse.ui,3.6.1.M20100826-1330,"org.eclipse.ui.file.save",1366797741717
executed,command,org.eclipse.ui,3.6.1.M20100826-1330,"org.eclipse.ui.edit.undo",1366797751057
executed,command,org.eclipse.ui,3.6.1.M20100826-1330,"org.eclipse.ui.file.save",1366797753776
executed,command,org.eclipse.ui,3.6.1.M20100826-1330,"org.eclipse.ui.edit.undo",1366797758589
executed,command,org.eclipse.ui,3.6.1.M20100826-1330,"org.eclipse.ui.edit.undo",1366797759082
executed,command,org.eclipse.ui,3.6.1.M20100826-1330,"org.eclipse.ui.edit.undo",1366797759102
executed,command,org.eclipse.ui,3.6.1.M20100826-1330,"org.eclipse.ui.edit.undo",1366797759425
executed,command,org.eclipse.ui,3.6.1.M20100826-1330,"org.eclipse.ui.file.save",1366797781150
executed,command,org.eclipse.ui,3.6.1.M20100826-1330,"org.eclipse.ui.edit.copy",1366797785826
executed,command,org.eclipse.ui,3.6.1.M20100826-1330,"org.eclipse.ui.edit.copy",1366797785987
executed,command,org.eclipse.ui,3.6.1.M20100826-1330,"org.eclipse.ui.edit.copy",1366797786131
executed,command,org.eclipse.ui,3.6.1.M20100826-1330,"org.eclipse.ui.edit.copy",1366797786323
executed,command,org.eclipse.ui,3.6.1.M20100826-1330,"org.eclipse.ui.edit.copy",1366797786521
executed,command,org.eclipse.ui.workbench.texteditor,3.6.1.r361_v20100714-0800,"org.eclipse.ui.edit.text.select.wordNext",1366797788332
executed,command,org.eclipse.ui,3.6.1.M20100826-1330,"org.eclipse.ui.file.save",1366797798425
executed,command,org.eclipse.ui,3.6.1.M20100826-1330,"org.eclipse.ui.edit.copy",1366797801248
executed,command,org.eclipse.ui,3.6.1.M20100826-1330,"org.eclipse.ui.edit.copy",1366797801415
executed,command,org.eclipse.ui,3.6.1.M20100826-1330,"org.eclipse.ui.edit.copy",1366797801567
executed,command,,,"AUTOGEN:::org.eclipse.jdt.internal.ui.CompilationUnitEditor.ruler.actions/org.eclipse.jdt.internal.ui.javaeditor.JavaSelectRulerAction",1366797804146
deactivated,workbench,org.eclipse.ui.workbench,3.6.1.M20100826-1330,"",1366797805446
activated,workbench,org.eclipse.ui.workbench,3.6.1.M20100826-1330,"",1366797805711
executed,command,org.eclipse.ui,3.6.1.M20100826-1330,"org.eclipse.ui.edit.paste",1366797814342
executed,command,org.eclipse.ui,3.6.1.M20100826-1330,"org.eclipse.ui.edit.paste",1366797816082
executed,command,org.eclipse.ui,3.6.1.M20100826-1330,"org.eclipse.ui.edit.paste",1366797823152
executed,command,org.eclipse.ui,3.6.1.M20100826-1330,"org.eclipse.ui.file.save",1366797823563
started,bundle,org.eclipse.jst.common.annotations.ui,1.1.300.v201002081900,"org.eclipse.jst.common.annotations.ui",1366797834433
executed,command,org.eclipse.ui,3.6.1.M20100826-1330,"org.eclipse.ui.file.save",1366797855241
executed,command,org.eclipse.ui,3.6.1.M20100826-1330,"org.eclipse.ui.edit.copy",1366797989955
executed,command,org.eclipse.ui.workbench.texteditor,3.6.1.r361_v20100714-0800,"org.eclipse.ui.edit.text.select.wordNext",1366797993606
executed,command,org.eclipse.ui.workbench.texteditor,3.6.1.r361_v20100714-0800,"org.eclipse.ui.edit.text.select.wordNext",1366797993965
executed,command,org.eclipse.ui.workbench.texteditor,3.6.1.r361_v20100714-0800,"org.eclipse.ui.edit.text.select.wordNext",1366797994244
executed,command,org.eclipse.ui.workbench.texteditor,3.6.1.r361_v20100714-0800,"org.eclipse.ui.edit.text.select.wordNext",1366797994533
executed,command,org.eclipse.ui.workbench.texteditor,3.6.1.r361_v20100714-0800,"org.eclipse.ui.edit.text.select.wordNext",1366797994765
executed,command,org.eclipse.ui.workbench.texteditor,3.6.1.r361_v20100714-0800,"org.eclipse.ui.edit.text.select.wordNext",1366797995172
executed,command,org.eclipse.ui,3.6.1.M20100826-1330,"org.eclipse.ui.edit.paste",1366797997087
executed,command,org.eclipse.ui,3.6.1.M20100826-1330,"org.eclipse.ui.edit.copy",1366798003473
executed,command,org.eclipse.ui,3.6.1.M20100826-1330,"org.eclipse.ui.edit.copy",1366798003600
executed,command,org.eclipse.ui.workbench.texteditor,3.6.1.r361_v20100714-0800,"org.eclipse.ui.edit.text.select.wordNext",1366798007190
executed,command,org.eclipse.ui.workbench.texteditor,3.6.1.r361_v20100714-0800,"org.eclipse.ui.edit.text.select.wordNext",1366798007356
executed,command,org.eclipse.ui.workbench.texteditor,3.6.1.r361_v20100714-0800,"org.eclipse.ui.edit.text.select.wordNext",1366798007533
executed,command,org.eclipse.ui.workbench.texteditor,3.6.1.r361_v20100714-0800,"org.eclipse.ui.edit.text.select.wordNext",1366798007725
executed,command,org.eclipse.ui.workbench.texteditor,3.6.1.r361_v20100714-0800,"org.eclipse.ui.edit.text.select.wordNext",1366798007901
executed,command,org.eclipse.ui.workbench.texteditor,3.6.1.r361_v20100714-0800,"org.eclipse.ui.edit.text.select.wordNext",1366798008116
executed,command,org.eclipse.ui,3.6.1.M20100826-1330,"org.eclipse.ui.edit.paste",1366798010007
executed,command,org.eclipse.ui,3.6.1.M20100826-1330,"org.eclipse.ui.file.save",1366798010372
deactivated,workbench,org.eclipse.ui.workbench,3.6.1.M20100826-1330,"",1366798027481
activated,workbench,org.eclipse.ui.workbench,3.6.1.M20100826-1330,"",1366798051538
executed,command,org.eclipse.ui.workbench.texteditor,3.6.1.r361_v20100714-0800,"org.eclipse.ui.edit.text.select.wordPrevious",1366798072934
executed,command,org.eclipse.ui.workbench.texteditor,3.6.1.r361_v20100714-0800,"org.eclipse.ui.edit.text.select.wordPrevious",1366798073077
executed,command,org.eclipse.ui.workbench.texteditor,3.6.1.r361_v20100714-0800,"org.eclipse.ui.edit.text.select.wordPrevious",1366798073213
executed,command,org.eclipse.ui.workbench.texteditor,3.6.1.r361_v20100714-0800,"org.eclipse.ui.edit.text.select.wordPrevious",1366798073389
executed,command,org.eclipse.ui,3.6.1.M20100826-1330,"org.eclipse.ui.edit.copy",1366798074420
executed,command,org.eclipse.ui,3.6.1.M20100826-1330,"org.eclipse.ui.edit.paste",1366798075481
executed,command,org.eclipse.ui,3.6.1.M20100826-1330,"org.eclipse.ui.file.save",1366798075838
deactivated,workbench,org.eclipse.ui.workbench,3.6.1.M20100826-1330,"",1366798135784
activated,workbench,org.eclipse.ui.workbench,3.6.1.M20100826-1330,"",1366798144685
executed,command,org.eclipse.jdt.ui,3.6.1.r361_v20100825-0800,"org.eclipse.jdt.ui.edit.text.java.open.editor",1366798191601
executed,command,org.eclipse.ui.workbench.texteditor,3.6.1.r361_v20100714-0800,"org.eclipse.ui.edit.findNext",1366798197909
executed,command,org.eclipse.ui.workbench.texteditor,3.6.1.r361_v20100714-0800,"org.eclipse.ui.edit.findNext",1366798198702
executed,command,org.eclipse.ui.workbench.texteditor,3.6.1.r361_v20100714-0800,"org.eclipse.ui.edit.findNext",1366798199139
executed,command,org.eclipse.ui.workbench.texteditor,3.6.1.r361_v20100714-0800,"org.eclipse.ui.edit.findNext",1366798200349
executed,command,org.eclipse.ui.workbench.texteditor,3.6.1.r361_v20100714-0800,"org.eclipse.ui.edit.findNext",1366798200929
executed,command,org.eclipse.ui.workbench.texteditor,3.6.1.r361_v20100714-0800,"org.eclipse.ui.edit.findNext",1366798201485
executed,command,org.eclipse.ui.workbench.texteditor,3.6.1.r361_v20100714-0800,"org.eclipse.ui.edit.findNext",1366798201894
executed,command,org.eclipse.jdt.ui,3.6.1.r361_v20100825-0800,"org.eclipse.jdt.ui.edit.text.java.open.editor",1366798255272
executed,command,org.eclipse.jdt.ui,3.6.1.r361_v20100825-0800,"org.eclipse.jdt.ui.edit.text.java.open.editor",1366798271116
executed,command,org.eclipse.ui,3.6.1.M20100826-1330,"org.eclipse.ui.file.save",1366798335361
deactivated,workbench,org.eclipse.ui.workbench,3.6.1.M20100826-1330,"",1366798343391
activated,workbench,org.eclipse.ui.workbench,3.6.1.M20100826-1330,"",1366798344533
executed,command,org.eclipse.ui.ide,3.6.1.M20100825-0800,"org.eclipse.ui.project.cleanAction",1366798344542
deactivated,workbench,org.eclipse.ui.workbench,3.6.1.M20100826-1330,"",1366798344869
activated,workbench,org.eclipse.ui.workbench,3.6.1.M20100826-1330,"",1366798345051
deactivated,workbench,org.eclipse.ui.workbench,3.6.1.M20100826-1330,"",1366798345790
activated,workbench,org.eclipse.ui.workbench,3.6.1.M20100826-1330,"",1366798353322
deactivated,workbench,org.eclipse.ui.workbench,3.6.1.M20100826-1330,"",1366798357163
activated,workbench,org.eclipse.ui.workbench,3.6.1.M20100826-1330,"",1366798357919
activated,view,org.eclipse.ui.console,3.5.0.v20100526,"org.eclipse.ui.console.ConsoleView",1366798357951
deactivated,workbench,org.eclipse.ui.workbench,3.6.1.M20100826-1330,"",1366798359768
activated,workbench,org.eclipse.ui.workbench,3.6.1.M20100826-1330,"",1366798366521
activated,editor,org.eclipse.jdt.ui,3.6.1.r361_v20100825-0800,"org.eclipse.jdt.ui.CompilationUnitEditor",1366798370696
deactivated,workbench,org.eclipse.ui.workbench,3.6.1.M20100826-1330,"",1366798374738
activated,workbench,org.eclipse.ui.workbench,3.6.1.M20100826-1330,"",1366798389099
activated,editor,org.eclipse.jdt.ui,3.6.1.r361_v20100825-0800,"org.eclipse.jdt.ui.CompilationUnitEditor",1366798392952
activated,view,org.eclipse.ui.ide,3.6.1.M20100825-0800,"org.eclipse.ui.views.ResourceNavigator",1366798399448
executed,command,org.eclipse.ui,3.6.1.M20100826-1330,"org.eclipse.ui.navigate.linkWithEditor",1366798399548
activated,editor,org.eclipse.jdt.ui,3.6.1.r361_v20100825-0800,"org.eclipse.jdt.ui.CompilationUnitEditor",1366798401887
executed,command,,,"AUTOGEN:::org.eclipse.jdt.debug.CompilationUnitEditor.BreakpointRulerActions/org.eclipse.jdt.debug.ui.actions.ManageBreakpointRulerAction",1366798407500
executed,command,,,"AUTOGEN:::org.eclipse.jdt.debug.CompilationUnitEditor.BreakpointRulerActions/org.eclipse.jdt.debug.ui.actions.ManageBreakpointRulerAction",1366798408876
executed,command,,,"AUTOGEN:::org.eclipse.jdt.debug.CompilationUnitEditor.BreakpointRulerActions/org.eclipse.jdt.debug.ui.actions.ManageBreakpointRulerAction",1366798412068
deactivated,workbench,org.eclipse.ui.workbench,3.6.1.M20100826-1330,"",1366798413281
activated,workbench,org.eclipse.ui.workbench,3.6.1.M20100826-1330,"",1366798421618
activated,perspective,org.eclipse.debug.ui,3.6.1.v20100901_r361,"org.eclipse.debug.ui.DebugPerspective",1366798421782
activated,view,org.eclipse.debug.ui,3.6.1.v20100901_r361,"org.eclipse.debug.ui.DebugView",1366798422020
activated,editor,org.eclipse.jdt.ui,3.6.1.r361_v20100825-0800,"org.eclipse.jdt.ui.CompilationUnitEditor",1366798422900
executed,command,org.eclipse.debug.ui,3.6.1.v20100901_r361,"org.eclipse.debug.ui.commands.StepOver",1366798426907
executed,command,org.eclipse.debug.ui,3.6.1.v20100901_r361,"org.eclipse.debug.ui.commands.StepOver",1366798427307
executed,command,org.eclipse.debug.ui,3.6.1.v20100901_r361,"org.eclipse.debug.ui.commands.StepOver",1366798427619
executed,command,org.eclipse.debug.ui,3.6.1.v20100901_r361,"org.eclipse.debug.ui.commands.StepOver",1366798428283
executed,command,org.eclipse.debug.ui,3.6.1.v20100901_r361,"org.eclipse.debug.ui.commands.StepOver",1366798428667
executed,command,org.eclipse.debug.ui,3.6.1.v20100901_r361,"org.eclipse.debug.ui.commands.StepOver",1366798429635
executed,command,org.eclipse.debug.ui,3.6.1.v20100901_r361,"org.eclipse.debug.ui.commands.StepOver",1366798432467
executed,command,org.eclipse.debug.ui,3.6.1.v20100901_r361,"org.eclipse.debug.ui.commands.StepOver",1366798433107
executed,command,org.eclipse.debug.ui,3.6.1.v20100901_r361,"org.eclipse.debug.ui.commands.StepOver",1366798488435
executed,command,org.eclipse.debug.ui,3.6.1.v20100901_r361,"org.eclipse.debug.ui.commands.StepOver",1366798489867
executed,command,org.eclipse.debug.ui,3.6.1.v20100901_r361,"org.eclipse.debug.ui.commands.StepOver",1366798490347
executed,command,org.eclipse.debug.ui,3.6.1.v20100901_r361,"org.eclipse.debug.ui.commands.StepOver",1366798490843
executed,command,org.eclipse.debug.ui,3.6.1.v20100901_r361,"org.eclipse.debug.ui.commands.StepOver",1366798492123
executed,command,org.eclipse.debug.ui,3.6.1.v20100901_r361,"org.eclipse.debug.ui.commands.StepOver",1366798493683
executed,command,org.eclipse.debug.ui,3.6.1.v20100901_r361,"org.eclipse.debug.ui.commands.StepOver",1366798520195
executed,command,org.eclipse.debug.ui,3.6.1.v20100901_r361,"org.eclipse.debug.ui.commands.StepOver",1366798526379
deactivated,workbench,org.eclipse.ui.workbench,3.6.1.M20100826-1330,"",1366798528711
